{"cameraMode":{"drawMode":0,"name":"Shaded","section":"Shading Mode"},"sceneLighting":true,"audioPlay":false,"sceneViewState":{"m_AlwaysRefresh":false,"showFog":true,"showSkybox":true,"showFlares":true,"showImageEffects":true,"showParticleSystems":true,"showVisualEffectGraphs":true,"m_FxEnabled":true},"in2DMode":false,"pivot":{"x":7.604077339172363,"y":-59.64337158203125,"z":3.7361392974853517},"rotation":{"x":0.011037821881473065,"y":-0.7871823906898499,"z":0.6166319847106934,"w":0.014247128739953041},"size":45.67369079589844,"orthographic":false}